First name,Last name,Guest of,Access,Quantity
Lesly,Anderson,VIP,GA,3
Hilario,Ferry,VIP,VIP,1
Jamey,Green,Vans,VIP,5
Nathan,Zboncak,Fan Club,VIP,5
Josefina,Considine,Zach Graves,GA,5
Mallie,Cartwright,Zach Graves,GA,4
Darrel,Schuppe,Zach Graves,VIP,5
Elouise,Bergstrom,Zach Graves,GA,5
Ethan,Williamson,Zach Graves,GA,1
Karlee,Miller,Zach Graves,GA,1
Vernon,Heller,VIP,VIP,2
Florence,Tillman,Fan Club,VIP,3
Troy,Pollich,VIP,GA,3
Kendall,Hermiston,Vans,VIP,2
Darren,Heaney,Vans,GA,5
Ari,Bechtelar,Fan Club,GA,4
Gretchen,Conroy,Fan Club,GA,4
Clarabelle,Dickinson,Zach Graves,VIP,1
Carter,Dach,VIP,GA,3
Aurelia,Hilpert,Zach Graves,GA,4
Donavon,Daugherty,VIP,VIP,4
Justice,Vandervort,Zach Graves,GA,4
Clara,Nitzsche,Zach Graves,VIP,4
Michele,Mertz,VIP,GA,1
Richmond,Smith,Zach Graves,GA,2
Kathryne,Pagac,VIP,VIP,4
Deon,Gerlach,Fan Club,GA,4
Hanna,Beatty,Vans,GA,4
Melyssa,Muller,VIP,VIP,3
Pamela,Beer,Vans,GA,5
Cecile,Brakus,Zach Graves,VIP,1
Isidro,Kutch,Vans,GA,5
Cleta,Dare,VIP,VIP,4
Talia,Kub,Fan Club,VIP,5
Laron,Bosco,Zach Graves,VIP,1
Dessie,Hammes,Vans,GA,3
Ross,Rowe,VIP,GA,2
Axel,Walter,Vans,GA,5
Luz,Rosenbaum,Fan Club,VIP,4
Zachery,Kilback,Zach Graves,GA,4
Brendan,Murray,Fan Club,VIP,5
Caitlyn,Tremblay,Zach Graves,VIP,4
Robb,Jacobs,Vans,GA,4
Leopoldo,Hintz,Zach Graves,VIP,2
Roosevelt,Larson,VIP,VIP,4
Courtney,Schimmel,Zach Graves,GA,5
Alvah,Blick,Zach Graves,GA,1
Meda,Corkery,Vans,VIP,5
Rubie,Mohr,VIP,GA,1
Winifred,Gorczany,VIP,GA,2
Michele,Reichel,VIP,VIP,5
Helga,MacGyver,Vans,VIP,3
Rosa,Brekke,Zach Graves,VIP,3
Davion,Schamberger,Vans,VIP,5
Jackie,Bayer,Zach Graves,GA,5
Fleta,Buckridge,VIP,GA,3
Mortimer,Hettinger,Vans,GA,3
Katrine,Batz,Vans,VIP,3
Cole,Beier,Vans,GA,4
Amari,Johnson,Vans,VIP,4
Maegan,Douglas,Zach Graves,GA,1
Amari,Prohaska,Zach Graves,VIP,4
Mason,Smitham,Zach Graves,GA,5
Everette,Schaefer,Vans,VIP,5
Joanie,Hahn,VIP,GA,4
Sebastian,Doyle,VIP,VIP,2
Matt,Kautzer,VIP,VIP,4
Benny,Mayer,Vans,GA,2
Jacinto,Ullrich,Zach Graves,VIP,4
Magnus,Friesen,Vans,VIP,4
Abe,Miller,Fan Club,VIP,3
Preston,Jacobi,Vans,GA,5
Ila,Grant,Zach Graves,VIP,1
Don,Ziemann,Zach Graves,GA,1
Mariah,Okuneva,Fan Club,GA,1
Levi,Johnston,Zach Graves,GA,1
Coby,Schamberger,Vans,GA,5
Cathy,Schiller,VIP,VIP,4
Bridgette,McGlynn,VIP,VIP,2
Lilla,Bergstrom,Zach Graves,GA,1
Effie,Stark,Fan Club,VIP,3
Miller,Lueilwitz,Vans,GA,5
Bill,Borer,VIP,VIP,2
Arielle,Rath,Zach Graves,GA,2
Braulio,Anderson,Zach Graves,GA,3
Dean,Turcotte,Vans,GA,1
Nella,Wuckert,Vans,VIP,1
Alena,Krajcik,Zach Graves,VIP,3
Clinton,Reilly,VIP,VIP,3
Rudy,Hoeger,Zach Graves,VIP,4
Jacey,Schaefer,Fan Club,GA,2
Jessyca,Skiles,Fan Club,VIP,5
Jeffrey,Cronin,VIP,VIP,5
Myriam,Heaney,Vans,VIP,3
Jovani,Waters,Fan Club,GA,4
Dorothy,Brakus,Fan Club,GA,1
Dario,Moen,Vans,GA,2
Brianne,Cummerata,VIP,VIP,5
Delilah,Kiehn,Zach Graves,GA,2
Justine,Hansen,Fan Club,GA,1
Russel,Schultz,Vans,VIP,5
Rubye,Runte,Fan Club,GA,2
Crawford,Lockman,Zach Graves,GA,1
Quinton,Cruickshank,VIP,VIP,1
Benny,Labadie,Fan Club,VIP,2
Russel,Pouros,VIP,VIP,4
Keely,O'Connell,VIP,VIP,3
Russell,Kuvalis,Zach Graves,GA,1
Onie,Stark,VIP,VIP,1
Jamaal,Hayes,Vans,VIP,4
Lela,Wolff,Zach Graves,GA,2
Bernardo,Bins,Zach Graves,GA,3
Florian,Franecki,Zach Graves,VIP,5
Mallory,Senger,Fan Club,VIP,1
Marcus,Morissette,Vans,VIP,3
Buster,Dickinson,Fan Club,VIP,3
Madaline,Kutch,Vans,VIP,3
Zander,Gaylord,Zach Graves,VIP,1
Gwendolyn,Zemlak,Vans,GA,4
Oceane,Dietrich,Fan Club,GA,5
Oma,Orn,Zach Graves,VIP,3
Henri,Metz,Zach Graves,GA,4
Earnestine,Ratke,Vans,GA,4
Stephan,Langworth,Zach Graves,GA,2
Gerhard,Brakus,Fan Club,GA,4
Eliane,Bashirian,Vans,VIP,1
Carolina,Hagenes,Fan Club,GA,2
Augustus,Treutel,VIP,VIP,1
Margie,Muller,Zach Graves,GA,1
Hilario,Conn,Vans,GA,3
Jonas,Huel,Vans,VIP,5
Kevon,Steuber,Vans,VIP,1
Emmalee,Brakus,VIP,GA,4
Roberto,Adams,Vans,VIP,4
Marvin,Marquardt,VIP,GA,5
Zoila,Grimes,Zach Graves,VIP,2
Isabel,Conroy,Fan Club,VIP,3
Ellen,Kuvalis,Fan Club,GA,3
Modesta,Gleichner,Zach Graves,VIP,5
Kyra,Hartmann,Fan Club,VIP,5
David,Aufderhar,Fan Club,VIP,2
Oceane,Maggio,Zach Graves,GA,5
Beaulah,Morar,Fan Club,VIP,2
Keshawn,Deckow,Fan Club,GA,3
Torey,Dietrich,Fan Club,GA,3
Jasen,Beer,Vans,VIP,5
Fleta,Kshlerin,VIP,GA,4
Raymundo,Schulist,Fan Club,GA,5
Winona,Kirlin,Zach Graves,VIP,3
Jessica,Sauer,Fan Club,VIP,2
Karolann,Pouros,VIP,VIP,1
Gordon,Fritsch,Fan Club,VIP,5
Martine,Heller,Fan Club,VIP,2
Katelin,Jenkins,Fan Club,GA,3
Mylene,Schamberger,Vans,GA,4
Fernando,Lemke,VIP,VIP,4
Wilber,Heller,Vans,GA,5
Johnny,Mayert,Fan Club,GA,5
Pansy,Rogahn,Fan Club,GA,5
Modesto,Bergnaum,VIP,VIP,5
Eduardo,Davis,Vans,VIP,1
Jaydon,Parisian,Zach Graves,VIP,1
Willy,Sanford,Zach Graves,VIP,4
Brock,Gislason,Vans,GA,4
Lorenz,Leuschke,Zach Graves,GA,3
Trent,Ebert,VIP,VIP,3
Warren,Lockman,Zach Graves,VIP,2
Norene,Nienow,Fan Club,VIP,3
Savanna,Bogisich,Zach Graves,VIP,3
Bryana,Walker,Vans,VIP,2
Victor,Christiansen,VIP,VIP,2
Lucious,Kirlin,VIP,VIP,2
Gail,Fisher,Fan Club,GA,2
Wayne,Luettgen,Vans,GA,3
Watson,Hammes,Zach Graves,VIP,1
Jacky,Schimmel,Vans,VIP,3
Raheem,Farrell,Zach Graves,VIP,1
Joel,Kub,VIP,GA,3
Ed,Labadie,Vans,GA,1
Isaac,Paucek,Vans,GA,1
Shemar,Thompson,Vans,GA,4
Jacynthe,Hauck,Fan Club,GA,1
Jimmie,Nader,Vans,VIP,3
Dion,Stark,Vans,GA,3
Hilda,Marks,Zach Graves,GA,2
Marcelle,Kozey,Vans,VIP,1
Christ,Ruecker,Vans,GA,1
Esperanza,Mosciski,Fan Club,VIP,4
Blair,Yundt,Vans,VIP,3
Joany,Gottlieb,Vans,GA,3
Destin,Gibson,Fan Club,GA,1
Emmett,Conn,Vans,GA,5
Jordon,Hodkiewicz,Fan Club,VIP,4
Marianna,Cremin,Vans,GA,3
Demond,Kassulke,Vans,GA,2
Watson,Collier,Zach Graves,VIP,3
Verda,Raynor,Vans,GA,4
Kaitlyn,Wolff,Zach Graves,VIP,2
Lois,Donnelly,Vans,GA,2
Rachael,Considine,VIP,VIP,4
Melyna,Rolfson,Fan Club,VIP,3
Maria,Crona,VIP,GA,5
Antone,Wintheiser,Zach Graves,VIP,2
Martine,Wolff,VIP,GA,2
Alek,Breitenberg,Vans,GA,4
Jessy,Zemlak,VIP,GA,5
Augustine,Nitzsche,Vans,VIP,3
Akeem,Herzog,VIP,GA,5
Benjamin,Kemmer,Fan Club,GA,3
Jacky,Purdy,VIP,VIP,2
Monroe,Fay,Fan Club,VIP,4
Johnpaul,O'Kon,Zach Graves,GA,3
Telly,Shanahan,VIP,VIP,2
Laurianne,Huel,Vans,GA,1
Dedric,Windler,Zach Graves,GA,4
Kaden,Russel,VIP,VIP,3
Brycen,Simonis,VIP,GA,4
Lelah,Auer,VIP,GA,4
Mozell,Russel,Fan Club,GA,2
Isadore,O'Keefe,VIP,GA,5
Ian,Cormier,VIP,VIP,3
Woodrow,Rosenbaum,Vans,VIP,5
Modesta,McGlynn,Vans,GA,1
Arielle,Durgan,Vans,VIP,1
Allen,Murazik,Fan Club,GA,5
Dawson,Strosin,VIP,VIP,3
Danny,White,Fan Club,VIP,2
Sophia,Connelly,VIP,GA,2
Johnpaul,Hagenes,VIP,GA,3
Watson,Hoppe,Vans,VIP,1
Rosanna,Hilpert,VIP,VIP,2
Gennaro,Daniel,Fan Club,VIP,1
Neal,Borer,Vans,GA,3
Vada,Maggio,Fan Club,GA,2
Michelle,Nienow,Fan Club,GA,4
Ian,Reynolds,Fan Club,GA,1
Sibyl,Lehner,VIP,GA,5
Retta,Cormier,VIP,VIP,5
Maiya,Bednar,Vans,GA,1
Alessandra,Bailey,Vans,GA,2
Orrin,Abbott,Fan Club,GA,4
Charles,Balistreri,VIP,VIP,2
Elsie,Reinger,Vans,VIP,3
Amy,Rolfson,VIP,VIP,3
Ebony,Rodriguez,VIP,GA,4
Bethel,Feeney,Fan Club,GA,1
Cordelia,O'Conner,Zach Graves,VIP,2
Zackery,Fritsch,Vans,VIP,2
Vern,Rowe,Vans,GA,4
Duncan,Willms,Zach Graves,VIP,3
Cayla,Gerlach,Fan Club,GA,1
Travis,Hahn,Zach Graves,GA,3
Dee,Pacocha,Fan Club,VIP,5
Cole,Hills,Vans,GA,2
Queen,Ankunding,Fan Club,VIP,5
Domenico,Stoltenberg,Vans,VIP,1
Lois,Miller,Fan Club,GA,5
Rosalee,Smith,Zach Graves,GA,1
Jammie,Flatley,VIP,GA,1
Garry,Schaefer,VIP,VIP,4
Jon,Denesik,VIP,VIP,1
Hershel,Hickle,Vans,GA,4
Mafalda,Stark,Zach Graves,GA,4
Leo,Pfannerstill,Zach Graves,VIP,2
Veda,Kub,Fan Club,VIP,3
Sibyl,Shanahan,Zach Graves,VIP,1
Nia,Osinski,Zach Graves,VIP,5
Tiffany,Schuppe,Fan Club,GA,5
Jalyn,Hoeger,VIP,GA,5
Concepcion,Heidenreich,VIP,VIP,1
Estella,Moen,Zach Graves,VIP,1
Jessika,Roberts,VIP,GA,4
Kristy,Schoen,VIP,VIP,4
June,Rowe,Zach Graves,GA,5
Santos,Schultz,VIP,GA,1
Maryse,Hyatt,Fan Club,VIP,4
Orville,Glover,Zach Graves,VIP,1
Eleonore,Bruen,Fan Club,VIP,1
Abbigail,Schinner,VIP,GA,1
Brenna,Nikolaus,Zach Graves,VIP,4
Wilburn,Kutch,Vans,GA,4
Andres,Kuhn,Vans,VIP,4
Brady,Wilkinson,VIP,GA,4
Ola,Block,Fan Club,GA,2
Evalyn,Kohler,Fan Club,VIP,5
Koby,Hand,Fan Club,VIP,3
Zane,Emmerich,Zach Graves,VIP,3
Jayme,Strosin,VIP,VIP,2
Gilbert,Padberg,Vans,VIP,5
Emmett,Schumm,VIP,GA,3
Wilber,Balistreri,VIP,GA,2
Terrill,Kuhn,VIP,VIP,3
Nayeli,Russel,VIP,GA,4
Brian,Ebert,Vans,GA,2
Tyra,Turner,Vans,GA,5
Dave,VonRueden,Fan Club,VIP,2
Reece,Halvorson,VIP,GA,1
Aleen,Mertz,VIP,GA,1
Giles,Stoltenberg,Fan Club,GA,4
Reed,Cormier,VIP,VIP,2
Willa,Skiles,Vans,GA,3
Odessa,Mosciski,VIP,VIP,3
Cale,Anderson,VIP,GA,3
Deontae,Cartwright,Zach Graves,GA,2
Demetrius,McCullough,Fan Club,VIP,2
Benny,Fay,Zach Graves,VIP,2
Aliza,Goldner,VIP,GA,5
Dudley,Monahan,VIP,GA,2
Krystal,Stehr,VIP,VIP,3
Tommie,Willms,Zach Graves,VIP,2
Hailie,McGlynn,Vans,GA,5
Elaina,Volkman,Fan Club,VIP,2
Hershel,Skiles,Fan Club,GA,1
Else,Ortiz,Zach Graves,GA,1
Julio,Kling,Zach Graves,GA,2
Rubye,Abshire,Zach Graves,VIP,5
Reginald,Ortiz,Zach Graves,GA,1
Verlie,Torphy,Vans,GA,3
Virgie,O'Conner,Vans,VIP,5
Myrtle,Fritsch,VIP,VIP,3
Emmett,Becker,Vans,GA,4
Tia,Haley,Vans,VIP,3
Elenora,Kassulke,Zach Graves,GA,5
Alda,Dibbert,VIP,GA,3
Billie,Daugherty,VIP,GA,4
Seamus,Littel,Vans,VIP,1
Jana,Leuschke,Vans,GA,5
Orville,Franecki,VIP,GA,5
Alvina,Durgan,Zach Graves,GA,2
Howell,Bernier,Fan Club,VIP,2
Meagan,Haag,Vans,GA,4
Alayna,Cormier,Zach Graves,VIP,4
Meghan,Bailey,Vans,VIP,3
Shana,West,Zach Graves,VIP,5
Maureen,Hills,Vans,VIP,5
Levi,Huel,Zach Graves,GA,5
Amelie,Volkman,Vans,VIP,5
Oral,Koss,Vans,GA,2
Monroe,Swift,Zach Graves,GA,2
Lisa,Lowe,Zach Graves,VIP,4
Kirstin,Howell,Zach Graves,GA,2
Cathrine,Koch,VIP,GA,1
Nick,Adams,Zach Graves,VIP,4
Rosario,Cummerata,Vans,VIP,4
Stephania,Rau,Vans,GA,5
Macy,Hagenes,Vans,GA,2
Mireille,Rodriguez,Zach Graves,GA,3
Carlo,Rosenbaum,Fan Club,VIP,5
Dariana,Kassulke,Zach Graves,GA,3
Stevie,Hackett,Zach Graves,GA,3
Gwendolyn,Bernier,Vans,VIP,2
Maddison,Brekke,Zach Graves,VIP,4
Daphne,Connelly,Fan Club,VIP,1
Otilia,Ryan,Fan Club,GA,2
Leta,MacGyver,Fan Club,GA,4
Rusty,Mueller,VIP,VIP,2
Skylar,Jerde,VIP,GA,4
Cassidy,Sporer,VIP,GA,5
Joseph,Kreiger,Vans,VIP,4
Ewell,Schroeder,Vans,VIP,3
Jovany,Jaskolski,Zach Graves,VIP,5
Lauretta,Herman,VIP,VIP,5
Branson,Keebler,Zach Graves,VIP,4
Beryl,Denesik,Fan Club,VIP,2
Tomasa,Bahringer,Vans,GA,1
Theresia,Gusikowski,Fan Club,GA,2
Cornelius,Rice,Fan Club,GA,1
Delta,Marks,Zach Graves,GA,4
Augustus,Conroy,Zach Graves,GA,4
Mariana,Gusikowski,Vans,GA,1
Rosina,Schinner,VIP,GA,5
Spencer,Beahan,VIP,VIP,3
Mikel,Gislason,Zach Graves,GA,4
Dolly,Franecki,Vans,VIP,2
Araceli,Bosco,Fan Club,GA,4
Ashley,Schneider,VIP,GA,5
Edna,Reichert,Fan Club,GA,4
Antonetta,Reichel,Fan Club,VIP,1
Toy,Schumm,VIP,VIP,2
Carolina,Ortiz,Fan Club,VIP,1
Bettie,Dickens,VIP,GA,2
Benjamin,Heller,Vans,GA,3
Margarett,Lemke,VIP,VIP,2
Renee,Trantow,Vans,GA,5
Stephanie,Hermann,Zach Graves,VIP,2
Greyson,Mills,Vans,GA,3
Nathan,Parker,Zach Graves,GA,4
Dianna,Lockman,Vans,GA,3
Alek,Tremblay,Vans,GA,1
Evie,Dare,VIP,VIP,1
Kraig,Kiehn,Vans,GA,5
Donato,Becker,Fan Club,GA,2
Reynold,Powlowski,VIP,GA,4
Clotilde,Huel,Fan Club,GA,5
Dalton,Tillman,Vans,VIP,5
Shane,Sipes,Fan Club,GA,3
Rico,Howell,VIP,VIP,3
Max,White,VIP,GA,2
Carmine,Frami,Vans,VIP,2
Vivianne,McDermott,VIP,VIP,1
Rene,Feest,Zach Graves,VIP,2
Diego,Kuhn,Fan Club,GA,3
Leif,Collier,Vans,VIP,3
Scottie,Stokes,Zach Graves,VIP,3
Ursula,Dach,VIP,VIP,3
Carlo,Jacobi,Fan Club,VIP,1
Pat,Schulist,Vans,GA,1
Retta,Schowalter,Fan Club,VIP,5
Clay,Will,VIP,GA,4
Ward,Waelchi,Zach Graves,VIP,3
Dario,Corwin,Vans,VIP,2
Adrian,Durgan,Fan Club,GA,1
Okey,Kessler,Zach Graves,VIP,5
Floy,Friesen,Vans,VIP,2
Amelia,Stehr,Zach Graves,VIP,4
Cristina,Cole,Zach Graves,VIP,5
Eve,Blanda,Fan Club,VIP,4
Donna,Lemke,Vans,GA,2
Grant,Runte,Fan Club,GA,1
Gage,Stanton,Fan Club,GA,1
Rebekah,Maggio,VIP,GA,3
Delores,Casper,VIP,VIP,1
Mafalda,Dach,Vans,VIP,2
Mervin,Bayer,VIP,GA,2
Oren,Torp,Fan Club,GA,3
Mathias,Wiegand,Zach Graves,VIP,5
Blake,Medhurst,Fan Club,GA,1
Antonietta,Shields,VIP,VIP,4
Velva,Kemmer,VIP,VIP,1
Sophia,Hahn,Vans,GA,5
Jailyn,Parker,VIP,GA,1
Ethan,Greenfelder,VIP,GA,5
Urban,Sanford,Zach Graves,GA,1
Frederik,Schuppe,Vans,VIP,4
Dewayne,Kunde,Vans,GA,5
Norris,Muller,VIP,GA,4
Austin,Collins,Zach Graves,VIP,4
Josefa,Hartmann,Zach Graves,GA,3
Tatyana,Wolf,VIP,VIP,5
Victor,Ratke,Fan Club,VIP,2
Monte,O'Conner,Vans,GA,3
Americo,Frami,VIP,GA,2
Alexie,Bradtke,VIP,GA,3
Caesar,Langworth,VIP,GA,3
Marisol,Kiehn,VIP,VIP,5
Albert,Aufderhar,VIP,GA,5
Narciso,Glover,VIP,VIP,5
Cleveland,Kreiger,VIP,VIP,3
Carson,Kiehn,Vans,GA,5
Okey,Green,Fan Club,VIP,2
Conrad,Ratke,VIP,VIP,3
Emile,Hagenes,Fan Club,VIP,5
Barrett,Tromp,Vans,VIP,3
Kiel,Abshire,VIP,GA,5
Kayla,Watsica,Zach Graves,GA,5
Garry,Romaguera,Vans,VIP,5
Karlee,Wolf,Fan Club,GA,1
Toby,Fadel,Vans,VIP,5
Wyman,Bayer,Zach Graves,GA,1
Elyssa,Okuneva,Zach Graves,VIP,4
Caesar,Bins,Zach Graves,GA,2
Jabari,Rogahn,Zach Graves,VIP,4
Vern,Howell,Fan Club,GA,1
Mozelle,Leannon,Vans,GA,4
Stacy,Runte,Zach Graves,GA,3
Jarod,McCullough,Vans,VIP,3
Domenic,Cremin,Vans,VIP,4
Wilton,Schaefer,Vans,VIP,3
Korey,Waters,Fan Club,VIP,3
Kayla,Romaguera,Fan Club,GA,4
Jamil,Hane,Fan Club,VIP,1
Eunice,Hamill,Zach Graves,GA,1
Celia,Goyette,Zach Graves,VIP,2
Samir,Bradtke,VIP,GA,4
Deshaun,Kunze,VIP,GA,3
Esmeralda,Kuhlman,Zach Graves,GA,4
Alexandrine,Funk,Zach Graves,GA,4
Jessy,Hessel,Zach Graves,GA,5
Darren,Steuber,Vans,VIP,5
Ivory,Crooks,Zach Graves,GA,1
Edwardo,Lang,Fan Club,VIP,3
Camryn,Fritsch,VIP,GA,2
Madisyn,Pollich,Fan Club,VIP,5
Alanna,Johnson,Zach Graves,VIP,4
Randi,Ledner,Vans,VIP,4
Oswaldo,Hills,VIP,VIP,4
Lucinda,Ruecker,Vans,VIP,2
Millie,D'Amore,Zach Graves,GA,5
Cullen,Bergstrom,Fan Club,GA,5
Carole,Monahan,Zach Graves,VIP,5
Felicia,Blanda,Zach Graves,VIP,3
Kenyon,Hand,VIP,GA,2
Amos,Kertzmann,VIP,GA,5
Mellie,Kozey,VIP,GA,3
Ottilie,Roberts,Zach Graves,GA,3
Jazmyn,Kuphal,VIP,VIP,1
Cayla,Glover,Fan Club,GA,1
Mckenzie,Heathcote,VIP,VIP,1
Eladio,Hessel,Fan Club,VIP,3
Kenny,Yundt,Zach Graves,GA,5
Houston,Skiles,Fan Club,VIP,1
Nicolas,Hirthe,Vans,VIP,5
Aiyana,Kirlin,Zach Graves,GA,4
Carlotta,Maggio,Fan Club,VIP,1
Davion,Legros,Fan Club,GA,2
Joy,Will,Fan Club,VIP,2
Cameron,Blick,Zach Graves,VIP,3
Odessa,Schoen,Fan Club,GA,4
Michale,Bahringer,Zach Graves,VIP,3
Ryley,Bernier,VIP,VIP,3
Stacy,Prohaska,VIP,VIP,5
Christop,Abshire,Fan Club,VIP,1
Garret,Hahn,Vans,VIP,1
Joshua,Olson,Zach Graves,GA,2
Lincoln,Gerlach,Fan Club,GA,3
Mara,Torphy,Vans,VIP,5
Richmond,DuBuque,Zach Graves,VIP,1
Jakob,Pollich,Vans,GA,1
Vilma,Bashirian,VIP,VIP,3
Johnpaul,Stamm,Vans,GA,2
Eugene,Padberg,Fan Club,VIP,4
Sonya,Koepp,VIP,GA,4
Destini,Kris,Zach Graves,GA,1
Abbey,Luettgen,VIP,VIP,2
Rhett,Thompson,Vans,GA,2
Miracle,Fritsch,Zach Graves,VIP,1
Evie,Luettgen,Vans,VIP,5
Ansel,Larkin,Fan Club,GA,4
Lucas,Russel,Vans,GA,1
Aubrey,Hermiston,Zach Graves,VIP,4
Colt,Pfeffer,Vans,VIP,1
Antwan,Schaefer,Vans,VIP,1
Anika,Torphy,VIP,GA,3
Leo,Gerhold,Zach Graves,GA,3
George,Cruickshank,Zach Graves,VIP,4
Lexi,Mraz,VIP,GA,5
Brant,Abernathy,Fan Club,VIP,2
Brionna,Emard,Vans,GA,1
Stan,Towne,Fan Club,GA,5
Ward,Kling,Zach Graves,GA,3
Vida,Cronin,VIP,VIP,5
Edwina,Williamson,Vans,GA,2
Mitchel,Harvey,Vans,GA,4
Dell,Von,Fan Club,VIP,4
Keeley,Will,Fan Club,GA,5
Garret,Kuhlman,VIP,VIP,3
Marjolaine,Runolfsdottir,Vans,GA,4
Silas,Raynor,Vans,GA,5
Ethyl,Friesen,VIP,VIP,4
Rhiannon,Ward,Fan Club,GA,3
Krystel,Predovic,Fan Club,VIP,2
Tania,Walker,Zach Graves,VIP,4
Fabian,Ferry,Zach Graves,VIP,3
Rhiannon,Langworth,Zach Graves,VIP,2
Gwen,Barton,Fan Club,VIP,3
Annetta,Walter,VIP,GA,3
Frederik,Christiansen,Vans,VIP,1
Elwyn,Prosacco,VIP,VIP,5
Gonzalo,Harvey,VIP,VIP,2
Macey,Kub,Zach Graves,GA,2
Coty,Beer,VIP,GA,2
Misty,Farrell,Zach Graves,GA,1
Erling,Rath,Vans,GA,1
Bill,Bruen,Zach Graves,VIP,1
Abigale,Gutmann,Zach Graves,GA,2
Noah,Zemlak,Fan Club,VIP,1
Kyler,Walker,Zach Graves,VIP,2
Marvin,Carter,Fan Club,GA,4
Audrey,Reinger,Zach Graves,VIP,4
Esther,Waelchi,Zach Graves,GA,2
Quinn,Schoen,VIP,VIP,5
Antwon,Steuber,Fan Club,VIP,1
Jett,Macejkovic,Fan Club,GA,3
Dedrick,Kozey,Fan Club,VIP,3
Keith,Corwin,VIP,GA,3
Johnathan,Roberts,VIP,GA,2
Wendell,Bauch,VIP,VIP,2
Felicia,Muller,Zach Graves,VIP,1
Jewell,Gerhold,Vans,GA,1
Lupe,Predovic,Fan Club,VIP,3
Jerry,Mitchell,Fan Club,VIP,2
Deron,Konopelski,Vans,GA,3
Marisa,Kutch,Fan Club,VIP,5
Bertrand,Rowe,Zach Graves,VIP,3
Wilfred,Purdy,Vans,VIP,3
Demarcus,Botsford,Fan Club,VIP,2
Jaleel,Monahan,Vans,GA,1
Rosamond,Cruickshank,Zach Graves,GA,4
Jude,Dickinson,Vans,GA,1
Lacy,Brekke,Zach Graves,VIP,5
Ethyl,Thompson,Zach Graves,VIP,4
Camylle,Morar,Vans,GA,2
Nestor,Gulgowski,Zach Graves,GA,5
Hattie,Pagac,Vans,GA,1
Elinor,Brown,Zach Graves,VIP,3
Soledad,Hammes,Zach Graves,GA,5
Jody,Feil,Vans,GA,3
Max,Fay,Vans,VIP,5
Johan,VonRueden,Zach Graves,GA,1
Eveline,Bechtelar,Fan Club,VIP,3
Rita,Will,Vans,GA,3
Devyn,Gottlieb,Zach Graves,GA,5
Laurel,Ullrich,Fan Club,VIP,5
Derek,Hoeger,VIP,GA,2
Betsy,Jones,Vans,GA,2
Rodolfo,Sawayn,Fan Club,VIP,2
Sharon,Padberg,Zach Graves,GA,4
Guillermo,Wunsch,Zach Graves,VIP,5
Alycia,Christiansen,Vans,VIP,2
Joey,Weissnat,Vans,GA,1
Kyla,Frami,Vans,GA,2
Newton,Ebert,VIP,GA,1
Roy,Dibbert,Vans,GA,2
Lucious,Murazik,Fan Club,GA,2
Irwin,Raynor,VIP,GA,1
Willis,Spencer,Vans,VIP,1
Arnold,Greenholt,Vans,GA,1
Jerome,Green,Fan Club,VIP,1
Rhianna,Gerhold,Zach Graves,VIP,2
Eduardo,Tromp,Vans,GA,1
Calista,Murray,Vans,VIP,1
Kenna,Reinger,Vans,GA,1
Camille,Morar,VIP,VIP,4
Taya,Wilderman,VIP,VIP,4
Jamie,Miller,VIP,GA,3
Alva,Feil,Fan Club,VIP,1
Shanon,Muller,Zach Graves,VIP,5
Ashly,Abshire,Fan Club,GA,2
Corine,Kilback,Fan Club,VIP,5
Fay,Adams,Vans,GA,4
Jamal,Schneider,Vans,VIP,5
Alba,Ward,VIP,VIP,5
Cyrus,McGlynn,VIP,VIP,4
Arno,Harvey,Zach Graves,VIP,5
Loraine,Tromp,Vans,VIP,1
Merl,Gaylord,VIP,GA,2
Tyshawn,Hagenes,Zach Graves,GA,2
Roxanne,Williamson,Vans,GA,3
Stephanie,Torp,Zach Graves,VIP,3
Edwina,Lebsack,VIP,VIP,3
Felipe,Rowe,Zach Graves,VIP,1
Foster,Kilback,Vans,GA,1
Nathanael,Waters,Vans,GA,5
Alysson,Homenick,Zach Graves,VIP,2
Olga,Purdy,Zach Graves,VIP,2
Jessika,Boehm,Zach Graves,GA,2
Carolyne,Trantow,Fan Club,GA,5
Liana,Ferry,Zach Graves,VIP,5
Patsy,Ebert,VIP,GA,1
Talia,Hauck,Vans,VIP,5
Ford,Ward,VIP,VIP,4
Edgar,Crist,Zach Graves,GA,2
Einar,Hills,Zach Graves,VIP,1
Danika,Hand,Zach Graves,VIP,5
Franz,Lakin,Zach Graves,VIP,1
Candace,Ullrich,Vans,VIP,1
Dee,Predovic,VIP,VIP,1
Jamel,West,Vans,VIP,4
Kieran,Wolf,Vans,VIP,2
Marian,O'Connell,Fan Club,GA,1
Jakayla,Marquardt,Zach Graves,VIP,3
Margot,O'Conner,Zach Graves,VIP,3
Kacey,Von,Vans,GA,1
Noah,Homenick,Vans,GA,4
Anderson,Hammes,Vans,VIP,5
Sandy,Veum,Fan Club,GA,4
Cleveland,Jerde,VIP,VIP,4
Hulda,Mills,Zach Graves,GA,2
Donato,Goyette,Zach Graves,VIP,2
Jeramie,Hansen,VIP,GA,1
Keenan,Wilkinson,Vans,GA,3
Johathan,Raynor,Fan Club,VIP,3
Sylvan,Reichel,Vans,VIP,5
Patience,Ernser,Fan Club,VIP,1
Rogers,Howe,VIP,GA,4
Estevan,Howell,VIP,VIP,2
Amparo,Jacobs,Vans,VIP,2
Carlotta,Block,VIP,GA,5
Rocky,Barton,Fan Club,VIP,3
Francisca,Bashirian,Fan Club,GA,2
Johnpaul,Cruickshank,Fan Club,GA,5
Eugenia,Schoen,Fan Club,GA,3
Claudine,Koepp,VIP,GA,3
Shad,Johnston,Vans,GA,4
Earlene,Hammes,Zach Graves,VIP,2
Crystal,Stamm,Vans,VIP,3
Lora,Fritsch,Zach Graves,VIP,1
Clark,Kulas,Fan Club,GA,5
Tyrel,Kihn,Zach Graves,GA,3
Kory,Koelpin,VIP,VIP,3
Adaline,Lindgren,VIP,GA,1
Marcelle,Abshire,Zach Graves,GA,5
Jared,Ward,Vans,VIP,2
Brandyn,Brakus,Zach Graves,GA,2
Chesley,Tromp,VIP,GA,5
Mortimer,Ernser,VIP,GA,3
Marge,Mayert,Zach Graves,GA,5
Callie,Bednar,Vans,VIP,3
Benny,Hessel,VIP,GA,1
Lacey,Kris,Vans,GA,5
Theodore,Homenick,Zach Graves,GA,5
Jaylon,Schuster,VIP,GA,3
Christy,Bins,Fan Club,VIP,5
Angus,Armstrong,Fan Club,VIP,2
Adeline,Schuppe,VIP,GA,3
Stefan,Langosh,Vans,GA,5
Pamela,Cummerata,VIP,VIP,5
Sophia,O'Reilly,Zach Graves,GA,3
Jarod,Hagenes,Fan Club,VIP,5
Brook,Wolf,Zach Graves,VIP,3
Griffin,Hodkiewicz,VIP,GA,2
Letitia,Wyman,Zach Graves,GA,5
Rico,Little,Vans,VIP,3
Gina,Hilll,Fan Club,GA,1
Lilliana,Rutherford,Zach Graves,VIP,1
Javonte,Jones,Zach Graves,GA,2
Mckayla,Von,VIP,VIP,4
Kirsten,Sanford,Zach Graves,GA,5
Gina,McKenzie,Zach Graves,GA,1
Marcel,O'Connell,VIP,GA,4
Kaylin,Moen,Fan Club,GA,1
Orville,Wilkinson,VIP,VIP,5
Braden,Renner,VIP,VIP,1
Skylar,Balistreri,Vans,GA,3
Kameron,Lynch,Vans,VIP,2
Paris,Wilkinson,VIP,VIP,3
Marlon,Lang,Fan Club,GA,1
Presley,Langosh,Vans,VIP,3
Elouise,Ruecker,Fan Club,VIP,5
Vinnie,Sawayn,Vans,GA,3
Cara,Hammes,Fan Club,VIP,2
Zakary,Fritsch,Fan Club,GA,4
Marjolaine,Christiansen,Fan Club,VIP,2
Kayli,Beer,Zach Graves,GA,5
Julianne,Pacocha,Zach Graves,GA,3
Leonard,Conroy,VIP,GA,3
Clair,Borer,VIP,VIP,3
Archibald,Zemlak,Vans,VIP,5
Glennie,Lynch,VIP,GA,4
Dustin,Volkman,Vans,GA,1
Anne,Stoltenberg,Vans,VIP,1
Marietta,Hettinger,VIP,GA,5
Leora,Pacocha,Vans,VIP,3
Jena,Conroy,VIP,GA,3
Al,Jenkins,VIP,GA,5
Savannah,Kohler,Fan Club,GA,5
Judah,Flatley,Vans,VIP,4
Richie,Little,Fan Club,GA,2
Jean,Moen,Vans,VIP,1
Luisa,Leannon,Fan Club,GA,5
Jordy,Wiza,VIP,VIP,5
Willa,Connelly,Zach Graves,VIP,5
Shanel,Kozey,Zach Graves,VIP,2
Darien,Walsh,VIP,VIP,2
Wilford,Paucek,Vans,VIP,2
Okey,Denesik,Vans,VIP,2
Destiney,Labadie,VIP,VIP,1
Jevon,Lemke,Fan Club,GA,1
Bertram,Gerhold,Fan Club,GA,2
Tabitha,Crooks,Zach Graves,VIP,4
Clementine,Stamm,Vans,VIP,1
Shirley,Smith,Zach Graves,VIP,2
Adelbert,Koch,Vans,GA,3
Richmond,Lehner,Zach Graves,VIP,4
Georgianna,Brekke,Vans,VIP,1
Maribel,Oberbrunner,VIP,GA,5
Boyd,Ruecker,Vans,GA,5
Webster,Hammes,Vans,VIP,4
King,Labadie,Fan Club,VIP,1
Lauryn,Schaden,Fan Club,GA,4
Durward,Tremblay,Vans,GA,3
Dorian,Schamberger,VIP,VIP,5
Bonita,Bergnaum,Vans,GA,2
Jean,Ebert,VIP,GA,4
Skyla,Lowe,Vans,GA,4
Jaylen,Beatty,Vans,GA,4
Lucius,Kozey,VIP,VIP,5
Vance,Mraz,Zach Graves,VIP,1
Alysson,Littel,Zach Graves,VIP,2
Maria,Ziemann,Fan Club,GA,1
Lonie,Weimann,VIP,VIP,5
Deondre,Monahan,Vans,GA,1
Arturo,Hessel,Zach Graves,VIP,2
Marilou,Beahan,VIP,GA,5
Pearl,Pfeffer,Fan Club,VIP,2
Asha,Morar,Vans,VIP,1
Talon,Grant,Zach Graves,VIP,1
Fletcher,Schoen,Fan Club,VIP,3
Diamond,Farrell,Fan Club,GA,4
Tate,Wunsch,VIP,VIP,4
Anastacio,Senger,Zach Graves,VIP,5
Deontae,Prohaska,Fan Club,GA,5
Emilio,Kerluke,VIP,VIP,1
Travis,Koelpin,Zach Graves,VIP,1
Sandy,Hayes,Zach Graves,VIP,3
Gretchen,Strosin,Vans,GA,4
Ludie,Dare,Zach Graves,VIP,2
Jairo,Kuhlman,Fan Club,GA,2
Corrine,Gerhold,Vans,VIP,4
Reuben,Heaney,VIP,GA,4
Lyric,Blanda,Fan Club,GA,1
Hector,Harber,Zach Graves,VIP,4
Lenna,Howell,Fan Club,VIP,5
Shayna,Carroll,Vans,VIP,4
Ben,Homenick,VIP,VIP,3
Anissa,Little,Zach Graves,GA,5
Pamela,McDermott,Vans,GA,5
Ariane,Baumbach,Zach Graves,GA,5
Frances,Moen,Vans,VIP,4
Jerome,Emard,Zach Graves,VIP,4
Unique,Bergstrom,Vans,VIP,3
Gina,Kuhlman,Fan Club,GA,3
Lonie,Christiansen,Zach Graves,VIP,1
Jasen,Tremblay,Zach Graves,GA,5
Cary,Eichmann,Vans,VIP,4
Dax,Bailey,Vans,GA,2
Ezequiel,Rice,Fan Club,GA,3
Emmy,Fahey,Zach Graves,VIP,2
Lukas,Sawayn,Zach Graves,VIP,3
Wilhelm,Yundt,VIP,GA,2
Declan,Von,Fan Club,VIP,2
Brennon,Lesch,Zach Graves,GA,5
Merritt,Ernser,Zach Graves,VIP,2
Mandy,Williamson,Zach Graves,GA,4
Wilfrid,Kuhlman,Zach Graves,VIP,4
Jensen,Russel,Vans,GA,3
Dewayne,Wiza,Vans,VIP,5
Darrel,Schiller,Vans,GA,1
Stanton,Lesch,VIP,GA,3
Elwyn,Rath,Zach Graves,VIP,4
Doris,Anderson,Vans,VIP,4
Aylin,Funk,Fan Club,GA,2
Delphine,Daniel,Fan Club,GA,3
Antone,Rolfson,Zach Graves,GA,4
Dee,Kirlin,VIP,GA,5
Jamarcus,Marvin,Zach Graves,VIP,4
Bill,Gibson,VIP,VIP,1
Jamal,Weber,VIP,GA,1
Mack,Heidenreich,Zach Graves,GA,3
Owen,Auer,Fan Club,VIP,4
Camille,Mayert,Fan Club,GA,4
Lamont,Carroll,Zach Graves,GA,5
Liliana,Welch,Fan Club,VIP,2
Amaya,Herman,Fan Club,VIP,1
Stephania,Dicki,VIP,VIP,3
Roslyn,O'Keefe,VIP,GA,3
Tara,Collins,Vans,GA,2
Sunny,Zboncak,Fan Club,VIP,2
Monty,Bogisich,Vans,GA,5
Gabrielle,Bins,Zach Graves,GA,2
Sven,Wiza,Fan Club,GA,4
Dayne,Mueller,VIP,VIP,1
Amya,Ebert,VIP,VIP,1
Emory,Reilly,Vans,GA,5
Marianne,Durgan,Zach Graves,GA,2
Elfrieda,Leuschke,VIP,VIP,1
Jeramy,Barrows,Zach Graves,GA,4
Amos,Abshire,VIP,GA,2
Sadie,McGlynn,Zach Graves,VIP,5
Tressa,Bergstrom,VIP,GA,5
Saige,Pacocha,Zach Graves,GA,5
Elissa,Blanda,VIP,VIP,4
Bradly,Kautzer,VIP,GA,5
Domenica,Runte,Zach Graves,VIP,3
Logan,Kertzmann,Fan Club,GA,5
Casey,Baumbach,Vans,VIP,2
Wilhelmine,Kihn,VIP,VIP,1
Mandy,Stroman,Fan Club,GA,4
Araceli,Rutherford,Zach Graves,VIP,5
Prudence,Pagac,Fan Club,VIP,2
Devin,Schmitt,Zach Graves,GA,5
Tobin,Casper,Vans,GA,3
Michale,Collins,Zach Graves,VIP,2
Gilberto,Gulgowski,Vans,GA,4
Kade,Rice,VIP,VIP,3
Shyanne,Hermiston,Vans,GA,1
Heloise,Wolf,Fan Club,VIP,3
Sherman,O'Conner,Zach Graves,GA,1
Jennyfer,Corwin,Zach Graves,GA,1
Lorena,Bergstrom,VIP,GA,2
Estrella,Bailey,Zach Graves,GA,2
Coty,Moore,Fan Club,GA,1
Clair,O'Conner,Vans,GA,3
Jo,Schmeler,Vans,GA,1
Tod,Orn,Fan Club,VIP,1
Francisca,Considine,Fan Club,VIP,1
Patience,Lowe,Zach Graves,VIP,2
Lexie,Kirlin,Fan Club,GA,4
Halie,Johns,Vans,GA,1
Asha,Cormier,Zach Graves,VIP,3
Isaac,Boyle,Zach Graves,GA,1
Rebecca,Abernathy,VIP,VIP,5
Abbie,Batz,Fan Club,GA,4
Maurice,VonRueden,Zach Graves,GA,1
Hunter,Greenholt,Vans,VIP,2
Ozella,Fay,Fan Club,GA,4
Lilliana,Runolfsson,Fan Club,VIP,2
Annetta,Abbott,Vans,GA,4
Vince,Lueilwitz,Vans,VIP,2
Patrick,Kunde,Zach Graves,GA,1
Liliana,Will,VIP,VIP,5
Hermina,Jenkins,Zach Graves,GA,2
Fleta,Gleason,Fan Club,VIP,1
Cristopher,Wilderman,Zach Graves,GA,2
Dejuan,Gleason,VIP,VIP,2
Rusty,Durgan,Zach Graves,GA,5
Dawn,Jast,Fan Club,GA,1
Edna,Koss,Vans,GA,3
Daryl,Langosh,Fan Club,VIP,3
Devan,Beahan,Vans,VIP,1
Ollie,Hartmann,Zach Graves,GA,5
Kelsi,Beier,Fan Club,VIP,1
Fatima,Murphy,VIP,GA,4
Jaylin,Jacobson,VIP,VIP,1
Santina,Weber,Zach Graves,VIP,3
Charles,Okuneva,VIP,GA,1
Karl,Raynor,Vans,VIP,2
Vincent,Wilkinson,Zach Graves,VIP,4
Jazmyn,Baumbach,Vans,GA,1
Lacey,Jacobi,VIP,GA,4
Vicenta,Zemlak,Vans,VIP,2
Pinkie,Dickinson,Fan Club,GA,2
Mustafa,Hammes,Vans,VIP,1
Jayda,Tremblay,VIP,VIP,2
Christop,Reilly,VIP,VIP,5
Maxwell,Kohler,VIP,GA,4
Jedediah,Volkman,Fan Club,GA,3
Paula,Marquardt,Vans,GA,2
Montana,Skiles,Vans,GA,5
Torrey,Erdman,Vans,VIP,2
Thad,Berge,Fan Club,GA,1
Ebba,Hane,Vans,GA,2
Asha,Turcotte,Vans,VIP,3
Claire,Little,Vans,GA,4
Gwen,Wyman,Fan Club,GA,4
Elta,Spinka,Zach Graves,VIP,2
Glennie,Yost,Vans,VIP,5
Minnie,Kshlerin,Fan Club,GA,1
Osvaldo,Dooley,Vans,VIP,1
Cale,Nolan,Fan Club,VIP,3
Omari,Kuhlman,Vans,GA,1
Jolie,Schuster,VIP,VIP,1
Mariane,Littel,Fan Club,VIP,3
Dawn,Sipes,VIP,GA,3
Carlee,Green,Fan Club,VIP,5
Raphaelle,Hintz,VIP,VIP,5
Brad,Dare,Zach Graves,VIP,2
Delphia,Carter,Fan Club,GA,3
Esteban,Terry,Zach Graves,GA,2
Mina,Breitenberg,Fan Club,VIP,1
Krista,Cole,Fan Club,VIP,3
Annette,Mills,Fan Club,GA,4
Jeanne,Runolfsdottir,Fan Club,GA,1
Abagail,Fadel,Zach Graves,VIP,3
Craig,Kohler,Vans,GA,1
Raphaelle,Dickinson,Zach Graves,GA,4
Clair,Deckow,Fan Club,VIP,1
Daron,Bayer,Fan Club,VIP,4
Antoinette,Quitzon,Zach Graves,VIP,4
Raul,Reinger,VIP,GA,1
Arely,Zemlak,Vans,VIP,2
Brianne,Windler,VIP,GA,5
Bell,Littel,Fan Club,GA,1
Rickey,Dickens,Vans,VIP,2
Shanelle,Sipes,VIP,GA,2
Sherman,Hagenes,VIP,GA,3
Olin,Weber,VIP,VIP,5
Kian,Yost,Fan Club,VIP,4
Alfreda,Casper,Vans,VIP,2
Maci,Bahringer,Fan Club,GA,4
Kathleen,Johns,Vans,VIP,3
Delpha,Sanford,Vans,GA,1
Tomas,Waters,Fan Club,GA,3
Carolyn,Osinski,VIP,VIP,1
Jeffry,Hane,Vans,GA,4
Ubaldo,Conn,Vans,GA,1
Penelope,Brekke,Fan Club,VIP,2
Frieda,Beahan,Fan Club,GA,1
Maymie,Toy,VIP,VIP,1
Sophia,Gorczany,Fan Club,VIP,5
Ottilie,O'Keefe,VIP,GA,4
Aida,Stamm,VIP,GA,4
Bradly,Hammes,Vans,GA,3
Clifford,Simonis,Fan Club,GA,4
Reed,Denesik,Zach Graves,VIP,1
Haleigh,Adams,Zach Graves,GA,3
Isaac,Lemke,VIP,VIP,2
Allan,Gottlieb,Fan Club,VIP,4
Anabel,Weissnat,VIP,VIP,1
Jordan,Terry,VIP,GA,2
Raymond,Buckridge,Fan Club,VIP,2
Sven,Hansen,VIP,GA,3
Carlotta,Kertzmann,Zach Graves,GA,4
Zaria,Kub,Zach Graves,GA,3
Jevon,Altenwerth,Zach Graves,GA,5
Stone,Bosco,Vans,GA,4
Mckenzie,Kovacek,VIP,VIP,4
Leila,Halvorson,VIP,VIP,1
Victor,Prohaska,Vans,VIP,2
Alyce,Flatley,Vans,VIP,4